<?xml version="1.0" encoding="UTF-8"?>
<addon id="repository.free-xxx-o-dus" name="Free XXX-O-DUS" version="02.0.001" provider-name="@Twudat">
	<extension point="xbmc.addon.repository" name="free-xxx-o-dus">
		<dir>
			<!-- <addon id="repository.resolveurl" name="ResolveURL Repository" provider-name="gujal" version="1.0.0"> /-->
			<info compressed="false">https://raw.githubusercontent.com/Gujal00/smrzips/master/addons.xml</info>
			<checksum>https://raw.githubusercontent.com/Gujal00/smrzips/master/addons.xml.md5</checksum>
			<datadir zip="true">https://raw.githubusercontent.com/Gujal00/smrzips/master/zips/</datadir>
		</dir>
		<dir>
			<!-- https://github.com/Gujal00/smrzips

			This repository contains the official release zips for ResolveURL.
			The source code for ResolveURL can be found here.
			Latest repository zip file is repository.resolveurl-1.0.0

			Include this directory with your repo to always have the latest updates from ResolveURL release repository
			<dir>
			    <info compressed="false">https://raw.githubusercontent.com/Gujal00/smrzips/master/addons.xml</info>
			    <checksum>https://raw.githubusercontent.com/Gujal00/smrzips/master/addons.xml.md5</checksum>
			    <datadir zip="true">https://raw.githubusercontent.com/Gujal00/smrzips/master/zips/</datadir>
			</dir>
		-->
			<info compressed="false">https://github.com/twudat/free-xxx-o-dus/raw/main/addons.xml</info>
			<checksum>https://github.com/twudat/free-xxx-o-dus/raw/main/addons.xml.md5</checksum>
			<datadir zip="true">https://github.com/twudat/free-xxx-o-dus/raw/main/zips/</datadir>
		</dir>
	</extension>
	<extension point="xbmc.addon.metadata">
		<summary>Snoddenrop</summary>
		<description>Repo For free-xxx-o-dus, Bought to you by @Twudat</description>
		<disclaimer>Educational use only, not for public release.</disclaimer>
		<platform>all</platform>
		<assets>
				<icon>icon.png</icon>
				<fanart>fanart.jpg</fanart>
		</assets>
	</extension>
</addon>
