<?xml version="1.0" encoding="UTF-8"?>
<!-- <addon id="plugin.video.example" version="2.3.2" name="Example Kodi Video Plugin" provider-name="Roman_V_M"> -->
<addon id="plugin.video.freedom4xxxodus"  version="0.00.001" name="Freedom 4 XXX-O-DUS Patcher" provider-name="twudat">

<requires>
    <import addon="xbmc.python" version="3.0.0"/>
    <import addon="script.module.pyxbmct"/>
</requires>
<extension point="xbmc.python.pluginsource" library="main.py">
  <provides>video</provides>
</extension>
<extension point="xbmc.addon.metadata">
  <summary lang="en">Freedom 4 XXX-O-DUS Patcher</summary>
  <description lang="en_GB">'The FreeDom Patch is a patch to XXX-O-DUS\nthat sets it free from the pin system and obfuscated code
It will also optionally patch the nemzzy service script
The nemzzy service script forces updates that you might not want
The nemzzy service also raises an exception on Linux :('
  </description>
  <disclaimer lang="en_GB">Reasonable Care, No responsibily!</disclaimer>
  <assets>
    <icon>icon.png</icon>
    <fanart>fanart.jpg</fanart>
    <screenshot>resources\screenshot-01.jpg</screenshot>
    <screenshot>resources\screenshot-02.jpg</screenshot>
    <screenshot>resources\screenshot-03.jpg</screenshot>
  </assets>
  <news>Updated with latest artwork metadata</news>
</extension>
</addon>
