<?xml version="1.0" encoding="UTF-8"?>
<addon id="repository.Freedom" name="Freedom Repo" version="1.00.00" provider-name="@Twudat">
	<extension point="xbmc.addon.repository" name="free-xxx">
		<dir>
        <info compressed="false">https://raw.githubusercontent.com/Gujal00/smrzips/master/addons.xml</info>
        <checksum>https://raw.githubusercontent.com/Gujal00/smrzips/master/addons.xml.md5</checksum>
        <datadir zip="true">https://raw.githubusercontent.com/Gujal00/smrzips/master/zips/</datadir>
    </dir>
		<dir>
			<info compressed="false">https://github.com/twudat/repository.Freedom/raw/main/addons.xml</info>
			<checksum>https://github.com/twudat/repository.Freedom/raw/main/addons.xml.md5</checksum>
			<!-- <datadir zip="true">https://github.com/twudat/repository.Freedom/raw/main/zips/</datadir> -->
			<datadir zip="true">https://github.com/twudat/repository.Freedom/raw/main/zips/</datadir>

		</dir>
    zips/repository.freedom/repository.freedom-1.00.00.zip
		<dir>
			<info compressed="false">https://raw.githubusercontent.com/dobbelina/repository.dobbelina/master/addons.xml</info>
			<checksum>https://raw.githubusercontent.com/dobbelina/repository.dobbelina/master/addons.xml.md5</checksum>
			<datadir zip="true">https://raw.githubusercontent.com/dobbelina/repository.dobbelina/master/</datadir>
		</dir>
	</extension>
	<extension point="xbmc.addon.metadata">
		<summary>free-xxx</summary>
		<description>Repo For freedom4xxxodus The XXX-O-DUS Patcher and other FREE Adult Kodi Plugins, Bought to you by @Twudat</description>
		<disclaimer>Educational use only, not for public release.</disclaimer>
		<platform>all</platform>
		<assets>
				<icon>icon.png</icon>
				<fanart>fanart.jpg</fanart>
		</assets>
	</extension>
</addon>
